wrowe - 4825 -  William A. Rowe, Jr. - Gurnee, IL, US
jim - 3241 - Jim Jagielski - Forest Hill, Maryland, USA
nd - 3072 - André L. Malo - Saarbrücken, Germany
trawick - 3008 - Jeff Trawick - Raleigh, NC, USA
rbowen - 1780 - Rich Bowen - Lexington, KY
sf - 1391 - Stefan Fritsch - Munich, Germany
rpluem - 1302 - Rüdiger Plüm - Ratingen, Germany
dgaudet - 1282 - Dean Gaudet - San Francisco, CA, USA
minfrin - 1281 - Graham Leggett - London, England
rbb - 1239 - Ryan Bloom - Oakland, CA
jerenkrantz - 1219 - Justin Erenkrantz - Irvine, California
jorton - 1217 - Joe Orton - 
joes - 1215 - Joe Schaefer - 
humbedooh - 1197 - Daniel Gruno - 
slive - 1080 - Joshua Slive - Montreal, Quebec, Canada
coar - 1071 - Ken Coar - Research Triangle Park, North Carolina, USA
dougm - 1025 - Doug MacEachern - San Francisco, CA, USA
stoddard - 1015 - Bill Stoddard - Research Triangle Park, NC, USA
rse - 936 - Ralf S. Engelschall - Munich, Germany
fielding - 904 - Roy T. Fielding - Irvine, California
covener - 894 - Eric Covener - Research Triangle Park, NC, USA
bnicholes - 894 - Brad Nicholes - Provo, Ut. USA
martin - 853 - Martin Kraemer - Munich, Germany
pquerna - 776 - Paul Querna - San Francisco, CA, USA
niq - 719 - Nick Kew - England
stas - 701 - Stas Bekman
rjung - 691 - Rainer Jung - Bonn, Germany
brianb - 689 - Brian Behlendorf - San Francisco, CA, USA
fuankg - 632 - Guenter Knauf
ben - 498 - Ben Laurie - London, England
jwoolley - 496 - Cliff Woolley - Charlottesville, VA
undefined - 451
lgentis - 437 - Lucien Gentis
yoshiki - 435 - Yoshiki Hayashi - Tokyo, Japan
brianp - 406 - Brian Pane - Seattle, WA, USA
marc - 398 - Marc Slemko - Seattle, WA, USA
kess - 389 - Astrid Malo - Saarbrücken, Germany
gstein - 376 - Greg Stein - Palo Alto, CA, USA
pcs - 369 - Paul Sutton - Seattle, USA
erikabele - 342 - Erik Abele - Aalen, Germany
gregames - 330 - Greg Ames
nilgun - 320 - Nilgun Belma Buguner
takashi - 319 - Takashi Sato - Tokyo, Japan
randy - 316 - Randy Terbush - Alta, WY, USA
grisha - 309 - Gregory Trubetskoy
colm - 300 - Colm MacCárthaigh - Dublin, Ireland
aaron - 297 - Aaron Bannert - San Francisco, CA, USA
mjc - 292 - Mark J. Cox - England
bjh - 238 - Brian Havard - Melbourne, Australia
striker - 238 - Sander Striker - Utrecht, The Netherlands
mturk - 235 - Mladen Turk
randyk - 229
chuck - 229 - Chuck Murcko - Sedona, AZ, USA
lars - 229 - Lars Eilebrecht - Munich, Germany
akosut - 229 - Alexei Kosut - Stanford, California
noodl - 222 - Vincent Bray
jgallacher - 218 - James Paul Gallacher
manoj - 210 - Manoj Kasichainula - San Francisco, CA, USA
igalic - 206 - Igor Galić
ianh - 205 - Ian Holsman - San Francisco, USA
pgollucci - 192 - Philip M. Gollucci
gryzor - 189 - Vincent Deffontaines
nlehuen - 179 - Nicolas Lehuen
geoff - 176 - Geoffrey Young
dreid - 168 - David Reid
poirier - 168 - Dan Poirier - Research Triangle Park, NC, USA
gtrubetskoy - 167
grahamd - 167 - Graham Phillip Dumpleton
jfclere - 166 - Jean-Frederic Clere
rederpj - 160 - Paul J. Reder - Research Triangle Park, NC, USA
fanf - 158 - Tony Finch - London
brianm - 146 - Brian McCallister - Menlo Park, CA
chrisd - 133 - Chris Darroch - British Columbia, Canada
sctemme - 121 - Sander Temme
kawai - 120 - Hiroaki Kawai
jailletc36 - 118 - Christophe Jaillet
orlikowski - 115 - Victor J. Orlikowski - Durham, NC USA
dirkx - 115 - Dirk-Willem van Gulik - Italy
soc-rian - 112 - Rian Hunter - Cambridge, Massachusetts
wsanchez - 104 - Wilfredo Sánchez - San Jose, CA, USA
pqf - 101 - Ryan Pan
kbrand - 85 - Kaspar Brand
gsmith - 69 - Gregg Lewis Smith
maxime - 68 - Maxime Petazzoni
jsl - 66 - Jason Lingohr - Melbourne, Australia
issac - 63 - Issac Goldstand
pctony - 62 - Tony Stevesnon - Cambridge, UK
jsachs - 61 - John Sachs
sascha - 57 - Sascha Schumann
ake - 57 - Allan K. Edwards
rasmus - 55 - Rasmus Lerdorf - Research Triangle Park, NC
rooneg - 54 - Garrett Rooney
pepper - 52 - Chris Pepper
druggeri - 51 - Daniel Ruggeri
noirin - 50 - Noirin Plunkett - Munich, Germany
sameer - 48 - Sameer Parekh - Oakland, CA, USA
thommay - 43 - Thom May
clar - 42 - Jean-Jacques Clar
jimw - 40 - Jim Winstead Jr.
jacekp - 34 - Jacek Prucia
paul - 31 - Paul Richards - UK
madhum - 29 - Madhusudan Mathihalli - Cupertino, CA
tdonovan - 26 - Thomas J. Donovan
ronald - 25
dpejesh - 25 - David Shane Holden
sbekman - 25
gozer - 24 - Philippe Chiasson
mccreedy - 24
soldis - 22 - Ilia Soldatenko
gbenson - 21
danielsh - 20 - Daniel Shahaf
mads - 20 - Mads Toftum
patrikj - 19
bojan - 18 - Bojan Smojver
bhyde - 18 - Ben Hyde - Cambridge, Massachusetts
blanco - 15 - Jesus Blanco Izquierdo
ask - 13 - Ask Bjorn Hansen
theory - 12 - David Wheeler
lookit - 10
drh - 10 - Stephen Henson
maczniak - 10 - Jeon Jeongho
cholet - 10 - Eric Cholet
ridruejo - 7 - Daniel López Ridruejo - San Francisco, CA, USA
davidw - 6 - David Welton
fabien - 6 - Fabien Coelho
keith - 5 - Keith Wannamaker
cvs - 5
berkes - 5 - Jem Berkes
bayard - 4 - Henri Yandell
davi - 4 -  Davi Arnaut - Curitiba, PR, Brazil
nikke - 3 - Niklas Edmundsson
sterling - 3 - Sterling Hughes
asteinmetz - 3 - Andreas Steinmetz
rian - 3 - Rian Hunter
parin - 2 - Parinkumar Shah
hartill - 2 - Rob Hartill -  Los Alamos, New Mexico
kevlo - 2
sbidoul - 1
matts - 1 - Matt Sergeant
ivn - 1 - Ivan Alexis Barrera Andrade
max - 1 - Max Kellermann
cliff - 1 - Cliff Skolnick - San Francisco, CA, USA
